0,0.5,0.5
2.8868e-94,0.5,0.5
8.6603e-94,0.5,0.5
2.0207e-93,0.5,0.5
4.3301e-93,0.5,0.5
8.9489e-93,0.5,0.5
1.8187e-92,0.5,0.5
3.6662e-92,0.5,0.5
7.3612e-92,0.5,0.5
1.4751e-91,0.5,0.5
2.9531e-91,0.5,0.5
5.9092e-91,0.5,0.5
1.1821e-90,0.5,0.5
2.3645e-90,0.5,0.5
4.7294e-90,0.5,0.5
9.459e-90,0.5,0.5
1.8918e-89,0.5,0.5
3.7837e-89,0.5,0.5
7.5674e-89,0.5,0.5
1.5135e-88,0.5,0.5
3.027e-88,0.5,0.5
6.054e-88,0.5,0.5
1.2108e-87,0.5,0.5
2.4216e-87,0.5,0.5
4.8432e-87,0.5,0.5
9.6863e-87,0.5,0.5
1.9373e-86,0.5,0.5
3.8745e-86,0.5,0.5
7.7491e-86,0.5,0.5
1.5498e-85,0.5,0.5
3.0996e-85,0.5,0.5
6.1993e-85,0.5,0.5
1.2399e-84,0.5,0.5
2.4797e-84,0.5,0.5
4.9594e-84,0.5,0.5
9.9188e-84,0.5,0.5
1.9838e-83,0.5,0.5
3.9675e-83,0.5,0.5
7.935e-83,0.5,0.5
1.587e-82,0.5,0.5
3.174e-82,0.5,0.5
6.348e-82,0.5,0.5
1.2696e-81,0.5,0.5
2.5392e-81,0.5,0.5
5.0784e-81,0.5,0.5
1.0157e-80,0.5,0.5
2.0314e-80,0.5,0.5
4.0627e-80,0.5,0.5
8.1255e-80,0.5,0.5
1.6251e-79,0.5,0.5
3.2502e-79,0.5,0.5
6.5004e-79,0.5,0.5
1.3001e-78,0.5,0.5
2.6002e-78,0.5,0.5
5.2003e-78,0.5,0.5
1.0401e-77,0.5,0.5
2.0801e-77,0.5,0.5
4.1602e-77,0.5,0.5
8.3205e-77,0.5,0.5
1.6641e-76,0.5,0.5
3.3282e-76,0.5,0.5
6.6564e-76,0.5,0.5
1.3313e-75,0.5,0.5
2.6626e-75,0.5,0.5
5.3251e-75,0.5,0.5
1.065e-74,0.5,0.5
2.13e-74,0.5,0.5
4.2601e-74,0.5,0.5
8.5202e-74,0.5,0.5
1.704e-73,0.5,0.5
3.4081e-73,0.5,0.5
6.8161e-73,0.5,0.5
1.3632e-72,0.5,0.5
2.7265e-72,0.5,0.5
5.4529e-72,0.5,0.5
1.0906e-71,0.5,0.5
2.1812e-71,0.5,0.5
4.3623e-71,0.5,0.5
8.7247e-71,0.5,0.5
1.7449e-70,0.5,0.5
3.4899e-70,0.5,0.5
6.9797e-70,0.5,0.5
1.3959e-69,0.5,0.5
2.7919e-69,0.5,0.5
5.5838e-69,0.5,0.5
1.1168e-68,0.5,0.5
2.2335e-68,0.5,0.5
4.467e-68,0.5,0.5
8.9341e-68,0.5,0.5
1.7868e-67,0.5,0.5
3.5736e-67,0.5,0.5
7.1473e-67,0.5,0.5
1.4295e-66,0.5,0.5
2.8589e-66,0.5,0.5
5.7178e-66,0.5,0.5
1.1436e-65,0.5,0.5
2.2871e-65,0.5,0.5
4.5742e-65,0.5,0.5
9.1485e-65,0.5,0.5
1.8297e-64,0.5,0.5
3.6594e-64,0.5,0.5
7.3188e-64,0.5,0.5
1.4638e-63,0.5,0.5
2.9275e-63,0.5,0.5
5.855e-63,0.5,0.5
1.171e-62,0.5,0.5
2.342e-62,0.5,0.5
4.684e-62,0.5,0.5
9.368e-62,0.5,0.5
1.8736e-61,0.5,0.5
3.7472e-61,0.5,0.5
7.4944e-61,0.5,0.5
1.4989e-60,0.5,0.5
2.9978e-60,0.5,0.5
5.9955e-60,0.5,0.5
1.1991e-59,0.5,0.5
2.3982e-59,0.5,0.5
4.7964e-59,0.5,0.5
9.5929e-59,0.5,0.5
1.9186e-58,0.5,0.5
3.8372e-58,0.5,0.5
7.6743e-58,0.5,0.5
1.5349e-57,0.5,0.5
3.0697e-57,0.5,0.5
6.1394e-57,0.5,0.5
1.2279e-56,0.5,0.5
2.4558e-56,0.5,0.5
4.9116e-56,0.5,0.5
9.8231e-56,0.5,0.5
1.9646e-55,0.5,0.5
3.9292e-55,0.5,0.5
7.8585e-55,0.5,0.5
1.5717e-54,0.5,0.5
3.1434e-54,0.5,0.5
6.2868e-54,0.5,0.5
1.2574e-53,0.5,0.5
2.5147e-53,0.5,0.5
5.0294e-53,0.5,0.5
1.0059e-52,0.5,0.5
2.0118e-52,0.5,0.5
4.0235e-52,0.5,0.5
8.0471e-52,0.5,0.5
1.6094e-51,0.5,0.5
3.2188e-51,0.5,0.5
6.4377e-51,0.5,0.5
1.2875e-50,0.5,0.5
2.5751e-50,0.5,0.5
5.1501e-50,0.5,0.5
1.03e-49,0.5,0.5
2.0601e-49,0.5,0.5
4.1201e-49,0.5,0.5
8.2402e-49,0.5,0.5
1.648e-48,0.5,0.5
3.2961e-48,0.5,0.5
6.5922e-48,0.5,0.5
1.3184e-47,0.5,0.5
2.6369e-47,0.5,0.5
5.2737e-47,0.5,0.5
1.0547e-46,0.5,0.5
2.1095e-46,0.5,0.5
4.219e-46,0.5,0.5
8.438e-46,0.5,0.5
1.6876e-45,0.5,0.5
3.3752e-45,0.5,0.5
6.7504e-45,0.5,0.5
1.3501e-44,0.5,0.5
2.7002e-44,0.5,0.5
5.4003e-44,0.5,0.5
1.0801e-43,0.5,0.5
2.1601e-43,0.5,0.5
4.3202e-43,0.5,0.5
8.6405e-43,0.5,0.5
1.7281e-42,0.5,0.5
3.4562e-42,0.5,0.5
6.9124e-42,0.5,0.5
1.3825e-41,0.5,0.5
2.765e-41,0.5,0.5
5.5299e-41,0.5,0.5
1.106e-40,0.5,0.5
2.212e-40,0.5,0.5
4.4239e-40,0.5,0.5
8.8479e-40,0.5,0.5
1.7696e-39,0.5,0.5
3.5391e-39,0.5,0.5
7.0783e-39,0.5,0.5
1.4157e-38,0.5,0.5
2.8313e-38,0.5,0.5
5.6626e-38,0.5,0.5
1.1325e-37,0.5,0.5
2.2651e-37,0.5,0.5
4.5301e-37,0.5,0.5
9.0602e-37,0.5,0.5
1.812e-36,0.5,0.5
3.6241e-36,0.5,0.5
7.2482e-36,0.5,0.5
1.4496e-35,0.5,0.5
2.8993e-35,0.5,0.5
5.7985e-35,0.5,0.5
1.1597e-34,0.5,0.5
2.3194e-34,0.5,0.5
4.6388e-34,0.5,0.5
9.2777e-34,0.5,0.5
1.8555e-33,0.5,0.5
3.7111e-33,0.5,0.5
7.4221e-33,0.5,0.5
1.4844e-32,0.5,0.5
2.9689e-32,0.5,0.5
5.9377e-32,0.5,0.5
1.1875e-31,0.5,0.5
2.3751e-31,0.5,0.5
4.7502e-31,0.5,0.5
9.5003e-31,0.5,0.5
1.9001e-30,0.5,0.5
3.8001e-30,0.5,0.5
7.6003e-30,0.5,0.5
1.5201e-29,0.5,0.5
3.0401e-29,0.5,0.5
6.0802e-29,0.5,0.5
1.216e-28,0.5,0.5
2.4321e-28,0.5,0.5
4.8642e-28,0.5,0.5
9.7283e-28,0.5,0.5
1.9457e-27,0.5,0.5
3.8913e-27,0.5,0.5
7.7827e-27,0.5,0.5
1.5565e-26,0.5,0.5
3.1131e-26,0.5,0.5
6.2261e-26,0.5,0.5
1.2452e-25,0.5,0.5
2.4905e-25,0.5,0.5
4.9809e-25,0.5,0.5
9.9618e-25,0.5,0.5
1.9924e-24,0.5,0.5
3.9847e-24,0.5,0.5
7.9695e-24,0.5,0.5
1.5939e-23,0.5,0.5
3.1878e-23,0.5,0.5
6.3756e-23,0.5,0.5
1.2751e-22,0.5,0.5
2.5502e-22,0.5,0.5
5.1004e-22,0.5,0.5
1.0201e-21,0.5,0.5
2.0402e-21,0.5,0.5
4.0804e-21,0.5,0.5
8.1607e-21,0.5,0.5
1.6321e-20,0.5,0.5
3.2643e-20,0.5,0.5
6.5286e-20,0.5,0.5
1.3057e-19,0.5,0.5
2.6114e-19,0.5,0.5
5.2229e-19,0.5,0.5
1.0446e-18,0.5,0.5
2.0891e-18,0.5,0.5
4.1783e-18,0.5,0.5
8.3566e-18,0.5,0.5
1.6713e-17,0.5,0.5
3.3426e-17,0.5,0.5
6.6853e-17,0.5,0.5
1.3371e-16,0.5,0.5
2.6741e-16,0.5,0.5
5.3482e-16,0.5,0.5
1.0696e-15,0.5,0.5
2.1393e-15,0.5,0.5
4.2786e-15,0.5,0.5
8.5571e-15,0.5,0.5
1.7114e-14,0.5,0.5
3.4229e-14,0.5,0.5
5.1343e-14,0.5,0.5
8.5571e-14,0.5,0.5
1.5403e-13,0.5,0.5
2.9094e-13,0.5,0.5
5.6477e-13,0.5,0.5
1.1124e-12,0.5,0.5
2.2077e-12,0.5,0.5
4.3984e-12,0.5,0.5
8.7796e-12,0.5,0.5
1.7542e-11,0.5,0.5
3.5067e-11,0.5,0.5
7.0117e-11,0.5,0.5
1.4022e-10,0.5,0.5
2.8042e-10,0.5,0.5
5.6082e-10,0.5,0.5
1.1216e-09,0.5,0.5
2.2432e-09,0.5,0.5
4.4864e-09,0.5,0.5
8.9728e-09,0.5,0.5
1.7946e-08,0.5,0.5
3.5891e-08,0.5,0.5
7.1782e-08,0.5,0.5
1.4356e-07,0.5,0.5
2.8713e-07,0.5,0.5
5.7426e-07,0.5,0.5
1.1485e-06,0.5,0.5
1.7228e-06,0.5,0.5
2.8713e-06,0.5,0.5
4.0198e-06,0.5,0.5
5.1683e-06,0.5,0.5
7.4654e-06,0.5,0.5
1.2059e-05,0.5,0.5
2.1248e-05,0.5,0.49999
3.9624e-05,0.49999,0.49999
7.6377e-05,0.49998,0.49998
0.00014988,0.49997,0.49996
0.00022339,0.49995,0.49994
0.00029689,0.49993,0.49992
0.0003704,0.49992,0.4999
0.00051741,0.49988,0.49986
0.00081143,0.49982,0.49978
0.0013995,0.49969,0.49962
0.0019875,0.49955,0.49945
0.0025756,0.49942,0.49929
0.0031636,0.49929,0.49913
0.0037516,0.49916,0.49897
0.0049277,0.49889,0.49865
0.0072799,0.49837,0.498
0.0096321,0.49784,0.49735
0.011984,0.49732,0.49671
0.014336,0.4968,0.49606
0.016689,0.49628,0.49542
0.021393,0.49524,0.49413
0.026097,0.4942,0.49284
0.030802,0.49318,0.49155
0.035506,0.49215,0.49027
0.04021,0.49113,0.48898
0.044915,0.49012,0.4877
0.054323,0.4881,0.48514
0.063732,0.48611,0.48258
0.073141,0.48413,0.48003
0.082549,0.48217,0.47749
0.091958,0.48023,0.47495
0.10137,0.47831,0.47241
0.11078,0.4764,0.46988
0.12959,0.47265,0.46484
0.14841,0.46896,0.45983
0.16723,0.46534,0.45484
0.18604,0.46179,0.44988
0.20486,0.45831,0.44495
0.22368,0.45488,0.44004
0.2425,0.45153,0.43517
0.26131,0.44823,0.43032
0.28013,0.44499,0.42551
0.29895,0.44182,0.42072
0.33658,0.43563,0.41125
0.37422,0.42968,0.40191
0.41185,0.42393,0.3927
0.44949,0.4184,0.38363
0.48712,0.41306,0.3747
0.52476,0.40791,0.36591
0.56239,0.40294,0.35727
0.60003,0.39815,0.34877
0.63766,0.39353,0.34042
0.6753,0.38908,0.33222
0.71293,0.38478,0.32417
0.75056,0.38063,0.31627
0.7882,0.37662,0.30852
0.82583,0.37275,0.30092
0.86347,0.36902,0.29347
0.9011,0.36541,0.28617
0.93874,0.36193,0.27901
0.97637,0.35857,0.27201
1.014,0.35532,0.26515
1.0516,0.35219,0.25843
1.0893,0.34916,0.25186
1.1269,0.34623,0.24543
1.1645,0.3434,0.23914
1.2022,0.34067,0.23299
1.2398,0.33802,0.22698
1.2774,0.33547,0.22111
1.3151,0.333,0.21536
1.3527,0.33061,0.20975
1.3904,0.3283,0.20427
1.428,0.32606,0.19892
1.4656,0.3239,0.19369
1.5409,0.31979,0.18361
1.6162,0.31594,0.174
1.6832,0.31272,0.16583
1.7503,0.30968,0.15801
1.8174,0.30681,0.15053
1.8845,0.3041,0.14339
1.9516,0.30154,0.13656
2.0187,0.29912,0.13003
2.0858,0.29684,0.1238
2.1528,0.29468,0.11786
2.2199,0.29264,0.11218
2.287,0.29071,0.10677
2.3541,0.28889,0.1016
2.4212,0.28717,0.096675
2.4883,0.28554,0.091979
2.5553,0.28399,0.087502
2.6224,0.28253,0.083236
2.6895,0.28115,0.079171
2.7566,0.27985,0.075299
2.8237,0.27861,0.07161
2.8908,0.27744,0.068097
2.9579,0.27633,0.064752
3.0249,0.27527,0.061568
3.092,0.27428,0.058536
3.1591,0.27333,0.05565
3.2262,0.27244,0.052904
3.2933,0.27159,0.050291
3.3604,0.27079,0.047804
3.4274,0.27003,0.045438
3.4945,0.26931,0.043187
3.5616,0.26862,0.041046
3.6287,0.26798,0.03901
3.6958,0.26736,0.037073
3.7629,0.26678,0.035231
3.8299,0.26623,0.03348
3.897,0.2657,0.031814
3.9641,0.2652,0.030231
4.0312,0.26473,0.028725
4.0983,0.26429,0.027294
4.1654,0.26386,0.025933
4.2325,0.26346,0.024639
4.2995,0.26308,0.02341
4.3666,0.26271,0.022241
4.4337,0.26237,0.02113
4.5008,0.26204,0.020075
4.5679,0.26174,0.019071
4.635,0.26144,0.018118
4.702,0.26116,0.017212
4.7691,0.2609,0.016351
4.8362,0.26065,0.015532
4.9033,0.26041,0.014755
4.9704,0.26018,0.014016
5.0375,0.25997,0.013314
5.1046,0.25977,0.012647
5.1716,0.25957,0.012013
5.2387,0.25939,0.011411
5.3058,0.25921,0.010839
5.3729,0.25905,0.010296
5.44,0.25889,0.0097794
5.5071,0.25874,0.0092889
5.5741,0.2586,0.0088229
5.6412,0.25847,0.0083802
5.7083,0.25834,0.0079597
5.7754,0.25822,0.0075602
5.8425,0.2581,0.0071808
5.9096,0.258,0.0068203
5.9767,0.25789,0.0064779
6.0437,0.25779,0.0061526
6.1108,0.2577,0.0058436
6.1779,0.25761,0.0055501
6.245,0.25753,0.0052714
6.3121,0.25745,0.0050066
6.3792,0.25737,0.0047551
6.4462,0.2573,0.0045162
6.5133,0.25723,0.0042892
6.5804,0.25717,0.0040737
6.6475,0.25711,0.003869
6.7146,0.25705,0.0036745
6.7817,0.25699,0.0034899
6.8488,0.25694,0.0033145
6.9158,0.25689,0.0031479
6.9829,0.25684,0.0029896
7.1171,0.25675,0.0026966
7.2323,0.25668,0.002468
7.3474,0.25662,0.0022589
7.4626,0.25656,0.0020674
7.5777,0.25651,0.0018922
7.6929,0.25646,0.0017318
7.8081,0.25642,0.001585
7.9232,0.25638,0.0014506
8.0384,0.25634,0.0013276
8.1536,0.25631,0.001215
8.2687,0.25628,0.001112
8.3839,0.25625,0.0010177
8.4991,0.25622,0.00093143
8.6142,0.2562,0.00085245
8.7294,0.25618,0.00078016
8.8446,0.25616,0.00071401
8.9597,0.25614,0.00065346
9.0749,0.25612,0.00059804
9.19,0.25611,0.00054732
9.3052,0.25609,0.00050091
9.4204,0.25608,0.00045843
9.5355,0.25607,0.00041955
9.6507,0.25606,0.00038397
9.7659,0.25605,0.0003514
9.881,0.25604,0.0003216
9.9962,0.25603,0.00029432
10.111,0.25602,0.00026936
10.227,0.25602,0.00024651
10.342,0.25601,0.00022561
10.457,0.25601,0.00020647
10.572,0.256,0.00018896
10.687,0.256,0.00017293
10.802,0.25599,0.00015826
10.918,0.25599,0.00014484
11.033,0.25598,0.00013256
11.148,0.25598,0.00012131
11.263,0.25598,0.00011102
11.378,0.25597,0.00010161
11.493,0.25597,9.2988e-05
11.608,0.25597,8.5101e-05
11.724,0.25597,7.7883e-05
11.839,0.25597,7.1277e-05
11.954,0.25596,6.5231e-05
12.069,0.25596,5.9698e-05
12.184,0.25596,5.4635e-05
12.299,0.25596,5.0001e-05
12.415,0.25596,4.576e-05
12.53,0.25596,4.1878e-05
12.645,0.25596,3.8326e-05
12.76,0.25595,3.5075e-05
12.875,0.25595,3.21e-05
12.99,0.25595,2.9377e-05
13.106,0.25595,2.6886e-05
13.221,0.25595,2.4605e-05
13.336,0.25595,2.2518e-05
13.451,0.25595,2.0608e-05
13.566,0.25595,1.886e-05
13.681,0.25595,1.726e-05
13.797,0.25595,1.5796e-05
13.912,0.25595,1.4456e-05
14.027,0.25595,1.323e-05
14.142,0.25595,1.2108e-05
14.257,0.25595,1.1081e-05
14.372,0.25595,1.0141e-05
14.488,0.25595,9.2809e-06
14.603,0.25595,8.4937e-06
14.718,0.25595,7.7733e-06
14.833,0.25595,7.1139e-06
14.948,0.25595,6.5105e-06
15.063,0.25595,5.9583e-06
15.179,0.25595,5.4529e-06
15.294,0.25595,4.9904e-06
15.409,0.25595,4.5671e-06
15.524,0.25594,4.1797e-06
15.639,0.25594,3.8252e-06
15.754,0.25594,3.5007e-06
15.87,0.25594,3.2038e-06
15.985,0.25594,2.932e-06
16.1,0.25594,2.6833e-06
16.215,0.25594,2.4557e-06
16.33,0.25594,2.2474e-06
16.445,0.25594,2.0568e-06
16.561,0.25594,1.8823e-06
16.676,0.25594,1.7227e-06
16.791,0.25594,1.5766e-06
16.906,0.25594,1.4428e-06
17.021,0.25594,1.3204e-06
17.136,0.25594,1.2084e-06
17.252,0.25594,1.1059e-06
17.367,0.25594,1.0121e-06
17.482,0.25594,9.2628e-07
17.597,0.25594,8.4771e-07
17.712,0.25594,7.7581e-07
17.827,0.25594,7.1e-07
17.943,0.25594,6.4978e-07
18.058,0.25594,5.9466e-07
18.173,0.25594,5.4422e-07
18.288,0.25594,4.9806e-07
18.403,0.25594,4.5582e-07
18.518,0.25594,4.1715e-07
18.634,0.25594,3.8177e-07
18.749,0.25594,3.4939e-07
18.864,0.25594,3.1975e-07
18.979,0.25594,2.9263e-07
19.094,0.25594,2.6781e-07
19.209,0.25594,2.4509e-07
19.324,0.25594,2.243e-07
19.44,0.25594,2.0528e-07
19.555,0.25594,1.8787e-07
19.67,0.25594,1.7193e-07
19.785,0.25594,1.5735e-07
19.9,0.25594,1.44e-07
20.015,0.25594,1.3179e-07
20.131,0.25594,1.2061e-07
20.246,0.25594,1.1038e-07
20.361,0.25594,1.0102e-07
20.476,0.25594,9.2447e-08
20.591,0.25594,8.4606e-08
20.706,0.25594,7.7429e-08
20.822,0.25594,7.0862e-08
20.937,0.25594,6.4851e-08
21.052,0.25594,5.935e-08
21.167,0.25594,5.4316e-08
21.282,0.25594,4.9709e-08
21.397,0.25594,4.5492e-08
21.513,0.25594,4.1634e-08
21.743,0.25594,3.487e-08
21.896,0.25594,3.0992e-08
22.049,0.25594,2.7545e-08
22.203,0.25594,2.4481e-08
22.356,0.25594,2.1758e-08
22.509,0.25594,1.9338e-08
22.662,0.25594,1.7187e-08
22.815,0.25594,1.5275e-08
22.969,0.25594,1.3576e-08
23.122,0.25594,1.2066e-08
23.275,0.25594,1.0724e-08
23.428,0.25594,9.5312e-09
23.581,0.25594,8.471e-09
23.735,0.25594,7.5288e-09
23.888,0.25594,6.6914e-09
24.026,0.25594,6.0176e-09
24.164,0.25594,5.4117e-09
24.301,0.25594,4.8669e-09
24.439,0.25594,4.3768e-09
24.577,0.25594,3.9361e-09
24.715,0.25594,3.5398e-09
24.853,0.25594,3.1834e-09
24.991,0.25594,2.8629e-09
25.129,0.25594,2.5746e-09
25.267,0.25594,2.3154e-09
25.405,0.25594,2.0823e-09
25.542,0.25594,1.8726e-09
25.68,0.25594,1.6841e-09
25.818,0.25594,1.5145e-09
25.956,0.25594,1.362e-09
26.094,0.25594,1.2249e-09
26.232,0.25594,1.1015e-09
26.37,0.25594,9.9063e-10
26.508,0.25594,8.9089e-10
26.646,0.25594,8.0119e-10
26.783,0.25594,7.2052e-10
26.921,0.25594,6.4797e-10
27.059,0.25594,5.8273e-10
27.197,0.25594,5.2406e-10
27.335,0.25594,4.7129e-10
27.473,0.25594,4.2384e-10
27.611,0.25594,3.8116e-10
27.68,0.25594,3.6146e-10
27.749,0.25594,3.4278e-10
27.887,0.25594,3.0827e-10
28.011,0.25594,2.8019e-10
28.135,0.25594,2.5467e-10
28.246,0.25594,2.3369e-10
28.358,0.25594,2.1444e-10
28.47,0.25594,1.9678e-10
28.581,0.25594,1.8057e-10
28.693,0.25594,1.657e-10
28.805,0.25594,1.5205e-10
28.917,0.25594,1.3952e-10
29.028,0.25594,1.2803e-10
29.14,0.25594,1.1749e-10
29.252,0.25594,1.0781e-10
29.363,0.25594,9.8928e-11
29.475,0.25594,9.0779e-11
29.587,0.25594,8.3302e-11
29.698,0.25594,7.644e-11
29.81,0.25594,7.0144e-11
29.922,0.25594,6.4366e-11
30.033,0.25594,5.9064e-11
30.145,0.25594,5.4199e-11
30.257,0.25594,4.9735e-11
30.368,0.25594,4.5638e-11
30.48,0.25594,4.1879e-11
30.592,0.25594,3.843e-11
30.704,0.25594,3.5264e-11
30.815,0.25594,3.2359e-11
30.927,0.25594,2.9694e-11
31.039,0.25594,2.7248e-11
31.15,0.25594,2.5004e-11
31.262,0.25594,2.2944e-11
31.374,0.25594,2.1054e-11
31.485,0.25594,1.932e-11
31.597,0.25594,1.7729e-11
31.709,0.25594,1.6268e-11
31.82,0.25594,1.4928e-11
31.932,0.25594,1.3699e-11
32.044,0.25594,1.257e-11
32.155,0.25594,1.1535e-11
32.267,0.25594,1.0585e-11
32.379,0.25594,9.7129e-12
32.491,0.25594,8.9129e-12
32.602,0.25594,8.1787e-12
32.714,0.25594,7.5051e-12
32.826,0.25594,6.8869e-12
32.937,0.25594,6.3196e-12
33.049,0.25594,5.7991e-12
33.161,0.25594,5.3214e-12
33.272,0.25594,4.8831e-12
33.384,0.25594,4.4809e-12
33.496,0.25594,4.1118e-12
33.607,0.25594,3.7731e-12
33.719,0.25594,3.4623e-12
33.831,0.25594,3.1771e-12
33.942,0.25594,2.9154e-12
34.054,0.25594,2.6753e-12
34.166,0.25594,2.4549e-12
34.278,0.25594,2.2527e-12
34.389,0.25594,2.0671e-12
34.501,0.25594,1.8969e-12
34.613,0.25594,1.7406e-12
34.724,0.25594,1.5973e-12
34.836,0.25594,1.4657e-12
34.948,0.25594,1.345e-12
35.059,0.25594,1.2342e-12
35.171,0.25594,1.1325e-12
35.283,0.25594,1.0392e-12
35.394,0.25594,9.5364e-13
35.506,0.25594,8.7508e-13
35.618,0.25594,8.03e-13
35.729,0.25594,7.3686e-13
35.841,0.25594,6.7617e-13
35.953,0.25594,6.2047e-13
36.065,0.25594,5.6936e-13
36.176,0.25594,5.2247e-13
36.288,0.25594,4.7943e-13
36.4,0.25594,4.3994e-13
36.511,0.25594,4.037e-13
36.623,0.25594,3.7045e-13
36.735,0.25594,3.3994e-13
36.846,0.25594,3.1194e-13
36.958,0.25594,2.8624e-13
37.07,0.25594,2.6266e-13
37.181,0.25594,2.4103e-13
37.293,0.25594,2.2117e-13
37.405,0.25594,2.0296e-13
37.516,0.25594,1.8624e-13
37.628,0.25594,1.709e-13
37.74,0.25594,1.5682e-13
37.852,0.25594,1.439e-13
37.963,0.25594,1.3205e-13
38.075,0.25594,1.2117e-13
38.187,0.25594,1.1119e-13
38.298,0.25594,1.0203e-13
38.41,0.25594,9.363e-14
38.522,0.25594,8.5918e-14
38.633,0.25594,7.8841e-14
38.745,0.25594,7.2347e-14
38.857,0.25594,6.6387e-14
38.968,0.25594,6.0919e-14
39.08,0.25594,5.5901e-14
39.192,0.25594,5.1297e-14
39.303,0.25594,4.7071e-14
39.415,0.25594,4.3194e-14
39.527,0.25594,3.9636e-14
39.639,0.25594,3.6371e-14
39.75,0.25594,3.3376e-14
39.862,0.25594,3.0626e-14
39.974,0.25594,2.8104e-14
40.085,0.25594,2.5789e-14
40.197,0.25594,2.3665e-14
40.309,0.25594,2.1715e-14
40.42,0.25594,1.9927e-14
40.532,0.25594,1.8285e-14
40.644,0.25594,1.6779e-14
40.755,0.25594,1.5397e-14
40.867,0.25594,1.4129e-14
40.979,0.25594,1.2965e-14
41.09,0.25594,1.1897e-14
41.202,0.25594,1.0917e-14
41.314,0.25594,1.0018e-14
41.426,0.25594,9.1928e-15
41.537,0.25594,8.4356e-15
41.649,0.25594,7.7407e-15
41.761,0.25594,7.1031e-15
41.872,0.25594,6.518e-15
41.984,0.25594,5.9812e-15
42.096,0.25594,5.4885e-15
42.207,0.25594,5.0364e-15
42.319,0.25594,4.6216e-15
42.431,0.25594,4.2409e-15
42.542,0.25594,3.8916e-15
42.654,0.25594,3.571e-15
42.766,0.25594,3.2769e-15
42.877,0.25594,3.007e-15
42.989,0.25594,2.7593e-15
43.101,0.25594,2.532e-15
43.213,0.25594,2.3234e-15
43.324,0.25594,2.1321e-15
43.436,0.25594,1.9564e-15
43.548,0.25594,1.7953e-15
43.659,0.25594,1.6474e-15
43.771,0.25594,1.5117e-15
43.883,0.25594,1.3872e-15
43.994,0.25594,1.2729e-15
44.106,0.25594,1.1681e-15
44.218,0.25594,1.0719e-15
44.329,0.25594,9.8358e-16
44.441,0.25594,9.0256e-16
44.553,0.25594,8.2822e-16
44.664,0.25594,7.6e-16
44.776,0.25594,6.974e-16
44.888,0.25594,6.3996e-16
45,0.25594,5.8724e-16
45.111,0.25594,5.3887e-16
45.223,0.25594,4.9449e-16
45.335,0.25594,4.5375e-16
45.446,0.25594,4.1638e-16
45.558,0.25594,3.8208e-16
45.67,0.25594,3.5061e-16
45.781,0.25594,3.2173e-16
45.893,0.25594,2.9523e-16
46.005,0.25594,2.7091e-16
46.116,0.25594,2.486e-16
46.228,0.25594,2.2812e-16
46.34,0.25594,2.0933e-16
46.451,0.25594,1.9209e-16
46.563,0.25594,1.7627e-16
46.675,0.25594,1.6175e-16
46.787,0.25594,1.4842e-16
46.898,0.25594,1.362e-16
47.01,0.25594,1.2498e-16
47.122,0.25594,1.1468e-16
47.233,0.25594,1.0524e-16
47.345,0.25594,9.657e-17
47.457,0.25594,8.8616e-17
47.568,0.25594,8.1316e-17
47.68,0.25594,7.4618e-17
47.792,0.25594,6.8472e-17
47.903,0.25594,6.2832e-17
48.015,0.25594,5.7657e-17
48.127,0.25594,5.2908e-17
48.238,0.25594,4.855e-17
48.35,0.25594,4.4551e-17
48.462,0.25594,4.0881e-17
48.574,0.25594,3.7514e-17
48.685,0.25594,3.4424e-17
48.797,0.25594,3.1588e-17
48.909,0.25594,2.8986e-17
49.02,0.25594,2.6599e-17
49.132,0.25594,2.4408e-17
49.244,0.25594,2.2397e-17
49.355,0.25594,2.0552e-17
49.467,0.25594,1.886e-17
49.579,0.25594,1.7306e-17
49.69,0.25594,1.5881e-17
49.802,0.25594,1.4573e-17
49.914,0.25594,1.3372e-17
50.026,0.25594,1.2271e-17
50.137,0.25594,1.126e-17
50.249,0.25594,1.0333e-17
50.361,0.25594,9.4814e-18
50.472,0.25594,8.7005e-18
50.584,0.25594,7.9838e-18
50.696,0.25594,7.3262e-18
50.807,0.25594,6.7227e-18
50.919,0.25594,6.169e-18
51.031,0.25594,5.6608e-18
51.142,0.25594,5.1946e-18
51.254,0.25594,4.7667e-18
51.366,0.25594,4.3741e-18
51.477,0.25594,4.0138e-18
51.589,0.25594,3.6832e-18
51.701,0.25594,3.3798e-18
51.813,0.25594,3.1014e-18
51.924,0.25594,2.8459e-18
52.036,0.25594,2.6115e-18
52.148,0.25594,2.3964e-18
52.259,0.25594,2.199e-18
52.371,0.25594,2.0179e-18
52.483,0.25594,1.8517e-18
52.594,0.25594,1.6991e-18
52.706,0.25594,1.5592e-18
52.818,0.25594,1.4308e-18
52.929,0.25594,1.3129e-18
53.041,0.25594,1.2048e-18
53.153,0.25594,1.1055e-18
53.264,0.25594,1.0145e-18
53.376,0.25594,9.3091e-19
53.488,0.25594,8.5423e-19
53.6,0.25594,7.8387e-19
53.711,0.25594,7.193e-19
53.823,0.25594,6.6005e-19
53.935,0.25594,6.0568e-19
54.046,0.25594,5.5579e-19
54.158,0.25594,5.1001e-19
54.27,0.25594,4.68e-19
54.381,0.25594,4.2945e-19
54.493,0.25594,3.9408e-19
54.605,0.25594,3.6162e-19
54.716,0.25594,3.3183e-19
54.828,0.25594,3.045e-19
54.94,0.25594,2.7942e-19
55.051,0.25594,2.564e-19
55.163,0.25594,2.3528e-19
55.275,0.25594,2.159e-19
55.387,0.25594,1.9812e-19
55.498,0.25594,1.818e-19
55.61,0.25594,1.6683e-19
55.722,0.25594,1.5308e-19
55.833,0.25594,1.4047e-19
55.945,0.25594,1.289e-19
56.057,0.25594,1.1829e-19
56.168,0.25594,1.0854e-19
56.28,0.25594,9.9603e-20
56.392,0.25594,9.1398e-20
56.503,0.25594,8.387e-20
56.615,0.25594,7.6962e-20
56.727,0.25594,7.0622e-20
56.838,0.25594,6.4805e-20
56.95,0.25594,5.9467e-20
57.062,0.25594,5.4569e-20
57.174,0.25594,5.0074e-20
57.285,0.25594,4.595e-20
57.397,0.25594,4.2165e-20
57.509,0.25594,3.8692e-20
57.62,0.25594,3.5505e-20
57.732,0.25594,3.258e-20
57.844,0.25594,2.9896e-20
57.955,0.25594,2.7434e-20
58.067,0.25594,2.5174e-20
58.179,0.25594,2.3101e-20
58.29,0.25594,2.1198e-20
58.402,0.25594,1.9452e-20
58.514,0.25594,1.785e-20
58.625,0.25594,1.6379e-20
58.737,0.25594,1.503e-20
58.849,0.25594,1.3792e-20
58.961,0.25594,1.2656e-20
59.072,0.25594,1.1614e-20
59.184,0.25594,1.0657e-20
59.296,0.25594,9.7792e-21
59.407,0.25594,8.9737e-21
59.519,0.25594,8.2345e-21
59.631,0.25594,7.5562e-21
59.742,0.25594,6.9338e-21
59.854,0.25594,6.3627e-21
59.966,0.25594,5.8386e-21
60.077,0.25594,5.3577e-21
60.189,0.25594,4.9164e-21
60.301,0.25594,4.5114e-21
60.412,0.25594,4.1398e-21
60.524,0.25594,3.7988e-21
60.636,0.25594,3.4859e-21
60.748,0.25594,3.1988e-21
60.859,0.25594,2.9353e-21
60.971,0.25594,2.6935e-21
61.083,0.25594,2.4717e-21
61.194,0.25594,2.2681e-21
61.306,0.25594,2.0812e-21
61.418,0.25594,1.9098e-21
61.529,0.25594,1.7525e-21
61.641,0.25594,1.6082e-21
61.753,0.25594,1.4757e-21
61.864,0.25594,1.3541e-21
61.976,0.25594,1.2426e-21
62.088,0.25594,1.1402e-21
62.199,0.25594,1.0463e-21
62.311,0.25594,9.6014e-22
62.423,0.25594,8.8105e-22
62.535,0.25594,8.0848e-22
62.646,0.25594,7.4189e-22
62.758,0.25594,6.8078e-22
62.87,0.25594,6.247e-22
62.981,0.25594,5.7325e-22
63.093,0.25594,5.2603e-22
63.205,0.25594,4.827e-22
63.316,0.25594,4.4294e-22
63.428,0.25594,4.0646e-22
63.54,0.25594,3.7298e-22
63.651,0.25594,3.4225e-22
63.763,0.25594,3.1406e-22
63.875,0.25594,2.8819e-22
63.986,0.25594,2.6446e-22
64.098,0.25594,2.4267e-22
64.21,0.25594,2.2268e-22
64.322,0.25594,2.0434e-22
64.433,0.25594,1.8751e-22
64.545,0.25594,1.7206e-22
64.657,0.25594,1.5789e-22
64.768,0.25594,1.4489e-22
64.88,0.25594,1.3295e-22
64.992,0.25594,1.22e-22
65.103,0.25594,1.1195e-22
65.215,0.25594,1.0273e-22
65.327,0.25594,9.4268e-23
65.438,0.25594,8.6504e-23
65.55,0.25594,7.9378e-23
65.662,0.25594,7.284e-23
65.773,0.25594,6.684e-23
65.885,0.25594,6.1335e-23
65.997,0.25594,5.6282e-23
66.109,0.25594,5.1647e-23
66.22,0.25594,4.7392e-23
66.332,0.25594,4.3489e-23
66.444,0.25594,3.9907e-23
66.555,0.25594,3.662e-23
66.667,0.25594,3.3603e-23
66.779,0.25594,3.0835e-23
66.89,0.25594,2.8295e-23
67.002,0.25594,2.5965e-23
67.114,0.25594,2.3826e-23
67.225,0.25594,2.1863e-23
67.337,0.25594,2.0063e-23
67.449,0.25594,1.841e-23
67.56,0.25594,1.6894e-23
67.672,0.25594,1.5502e-23
67.784,0.25594,1.4225e-23
67.896,0.25594,1.3053e-23
68.007,0.25594,1.1978e-23
68.119,0.25594,1.0992e-23
68.231,0.25594,1.0086e-23
68.342,0.25594,9.2555e-24
68.454,0.25594,8.4931e-24
68.566,0.25594,7.7935e-24
68.677,0.25594,7.1516e-24
68.789,0.25594,6.5625e-24
68.901,0.25594,6.022e-24
69.012,0.25594,5.5259e-24
69.124,0.25594,5.0708e-24
69.236,0.25594,4.6531e-24
69.347,0.25594,4.2698e-24
69.459,0.25594,3.9181e-24
69.571,0.25594,3.5954e-24
69.683,0.25594,3.2992e-24
69.794,0.25594,3.0275e-24
69.906,0.25594,2.7781e-24
70.018,0.25594,2.5493e-24
70.129,0.25594,2.3393e-24
70.241,0.25594,2.1466e-24
70.353,0.25594,1.9698e-24
70.576,0.25594,1.6587e-24
70.736,0.25594,1.467e-24
70.895,0.25594,1.2975e-24
71.055,0.25594,1.1476e-24
71.198,0.25594,1.0276e-24
71.342,0.25594,9.2011e-25
71.485,0.25594,8.2387e-25
71.629,0.25594,7.3769e-25
71.772,0.25594,6.6052e-25
71.916,0.25594,5.9143e-25
72.059,0.25594,5.2957e-25
72.203,0.25594,4.7417e-25
72.347,0.25594,4.2457e-25
72.49,0.25594,3.8016e-25
72.634,0.25594,3.404e-25
72.777,0.25594,3.0479e-25
72.921,0.25594,2.7291e-25
73.064,0.25594,2.4436e-25
73.208,0.25594,2.188e-25
73.351,0.25594,1.9591e-25
73.495,0.25594,1.7542e-25
73.639,0.25594,1.5707e-25
73.782,0.25594,1.4064e-25
73.926,0.25594,1.2593e-25
74.069,0.25594,1.1276e-25
74.213,0.25594,1.0096e-25
74.356,0.25594,9.0402e-26
74.5,0.25594,8.0945e-26
74.643,0.25594,7.2478e-26
74.787,0.25594,6.4897e-26
74.931,0.25594,5.8109e-26
75.074,0.25594,5.203e-26
75.218,0.25594,4.6588e-26
75.361,0.25594,4.1715e-26
75.49,0.25594,3.7766e-26
75.62,0.25594,3.4191e-26
75.749,0.25594,3.0955e-26
75.878,0.25594,2.8025e-26
76.007,0.25594,2.5372e-26
76.136,0.25594,2.2971e-26
76.266,0.25594,2.0796e-26
76.395,0.25594,1.8828e-26
76.524,0.25594,1.7046e-26
76.653,0.25594,1.5432e-26
76.782,0.25594,1.3972e-26
76.912,0.25594,1.2649e-26
77.028,0.25594,1.1566e-26
77.144,0.25594,1.0576e-26
77.26,0.25594,9.6707e-27
77.377,0.25594,8.8429e-27
77.493,0.25594,8.0859e-27
77.609,0.25594,7.3937e-27
77.726,0.25594,6.7607e-27
77.842,0.25594,6.1819e-27
77.946,0.25594,5.7035e-27
78.051,0.25594,5.2622e-27
78.156,0.25594,4.8549e-27
78.26,0.25594,4.4792e-27
78.365,0.25594,4.1326e-27
78.47,0.25594,3.8128e-27
78.574,0.25594,3.5177e-27
78.679,0.25594,3.2455e-27
78.784,0.25594,2.9943e-27
78.888,0.25594,2.7626e-27
78.993,0.25594,2.5488e-27
79.098,0.25594,2.3516e-27
79.202,0.25594,2.1696e-27
79.307,0.25594,2.0017e-27
79.412,0.25594,1.8468e-27
79.516,0.25594,1.7039e-27
79.621,0.25594,1.572e-27
79.726,0.25594,1.4504e-27
79.83,0.25594,1.3381e-27
79.935,0.25594,1.2346e-27
80.04,0.25594,1.139e-27
80.144,0.25594,1.0509e-27
80.249,0.25594,9.6957e-28
80.353,0.25594,8.9453e-28
80.458,0.25594,8.2531e-28
80.563,0.25594,7.6144e-28
80.667,0.25594,7.0252e-28
80.772,0.25594,6.4815e-28
80.877,0.25594,5.9799e-28
80.981,0.25594,5.5172e-28
81.086,0.25594,5.0902e-28
81.191,0.25594,4.6963e-28
81.295,0.25594,4.3329e-28
81.4,0.25594,3.9975e-28
81.505,0.25594,3.6882e-28
81.609,0.25594,3.4028e-28
81.714,0.25594,3.1394e-28
81.819,0.25594,2.8965e-28
81.923,0.25594,2.6723e-28
82.028,0.25594,2.4655e-28
82.133,0.25594,2.2747e-28
82.237,0.25594,2.0987e-28
82.342,0.25594,1.9363e-28
82.446,0.25594,1.7864e-28
82.551,0.25594,1.6482e-28
82.656,0.25594,1.5207e-28
82.76,0.25594,1.403e-28
82.865,0.25594,1.2944e-28
82.97,0.25594,1.1942e-28
83.074,0.25594,1.1018e-28
83.179,0.25594,1.0165e-28
83.284,0.25594,9.3788e-29
83.388,0.25594,8.653e-29
83.493,0.25594,7.9834e-29
83.598,0.25594,7.3656e-29
83.702,0.25594,6.7956e-29
83.807,0.25594,6.2697e-29
83.912,0.25594,5.7845e-29
84.016,0.25594,5.3369e-29
84.121,0.25594,4.9238e-29
84.226,0.25594,4.5428e-29
84.33,0.25594,4.1913e-29
84.435,0.25594,3.8669e-29
84.54,0.25594,3.5677e-29
84.644,0.25594,3.2916e-29
84.749,0.25594,3.0368e-29
84.853,0.25594,2.8018e-29
84.958,0.25594,2.585e-29
85.063,0.25594,2.385e-29
85.167,0.25594,2.2004e-29
85.272,0.25594,2.0301e-29
85.377,0.25594,1.873e-29
85.481,0.25594,1.7281e-29
85.586,0.25594,1.5943e-29
85.691,0.25594,1.471e-29
85.795,0.25594,1.3571e-29
85.9,0.25594,1.2521e-29
86.005,0.25594,1.1552e-29
86.109,0.25594,1.0658e-29
86.214,0.25594,9.8333e-30
86.319,0.25594,9.0723e-30
86.423,0.25594,8.3702e-30
86.528,0.25594,7.7225e-30
86.633,0.25594,7.1249e-30
86.737,0.25594,6.5735e-30
86.842,0.25594,6.0648e-30
86.947,0.25594,5.5955e-30
87.051,0.25594,5.1624e-30
87.156,0.25594,4.7629e-30
87.26,0.25594,4.3943e-30
87.365,0.25594,4.0543e-30
87.47,0.25594,3.7405e-30
87.574,0.25594,3.4511e-30
87.679,0.25594,3.184e-30
87.784,0.25594,2.9376e-30
87.888,0.25594,2.7103e-30
87.993,0.25594,2.5005e-30
88.098,0.25594,2.307e-30
88.202,0.25594,2.1285e-30
88.307,0.25594,1.9638e-30
88.412,0.25594,1.8118e-30
88.516,0.25594,1.6716e-30
88.621,0.25594,1.5422e-30
88.726,0.25594,1.4229e-30
88.83,0.25594,1.3128e-30
88.935,0.25594,1.2112e-30
89.04,0.25594,1.1175e-30
89.144,0.25594,1.031e-30
89.354,0.25594,8.7758e-31
89.509,0.25594,7.785e-31
89.665,0.25594,6.906e-31
89.82,0.25594,6.1263e-31
89.976,0.25594,5.4346e-31
90.132,0.25594,4.821e-31
90.287,0.25594,4.2767e-31
90.443,0.25594,3.7938e-31
90.599,0.25594,3.3655e-31
90.754,0.25594,2.9855e-31
90.91,0.25594,2.6484e-31
91.066,0.25594,2.3494e-31
91.221,0.25594,2.0841e-31
91.377,0.25594,1.8488e-31
91.533,0.25594,1.6401e-31
91.688,0.25594,1.4549e-31
91.844,0.25594,1.2906e-31
92,0.25594,1.1449e-31
92.155,0.25594,1.0156e-31
92.311,0.25594,9.0097e-32
92.467,0.25594,7.9924e-32
92.622,0.25594,7.09e-32
92.778,0.25594,6.2895e-32
92.934,0.25594,5.5794e-32
93.089,0.25594,4.9494e-32
93.245,0.25594,4.3906e-32
93.401,0.25594,3.8949e-32
93.556,0.25594,3.4551e-32
93.712,0.25594,3.065e-32
93.868,0.25594,2.719e-32
94.023,0.25594,2.412e-32
94.179,0.25594,2.1397e-32
94.335,0.25594,1.8981e-32
94.49,0.25594,1.6838e-32
94.646,0.25594,1.4937e-32
94.802,0.25594,1.325e-32
94.957,0.25594,1.1754e-32
95.113,0.25594,1.0427e-32
95.253,0.25594,9.3612e-33
95.393,0.25594,8.4044e-33
95.533,0.25594,7.5453e-33
95.673,0.25594,6.7741e-33
95.813,0.25594,6.0817e-33
95.954,0.25594,5.46e-33
96.094,0.25594,4.9019e-33
96.234,0.25594,4.4009e-33
96.374,0.25594,3.9511e-33
96.514,0.25594,3.5472e-33
96.654,0.25594,3.1846e-33
96.794,0.25594,2.8591e-33
96.934,0.25594,2.5669e-33
97.074,0.25594,2.3045e-33
97.214,0.25594,2.0689e-33
97.354,0.25594,1.8575e-33
97.495,0.25594,1.6676e-33
97.635,0.25594,1.4972e-33
97.775,0.25594,1.3441e-33
97.915,0.25594,1.2067e-33
98.055,0.25594,1.0834e-33
98.195,0.25594,9.7265e-34
98.335,0.25594,8.7323e-34
98.475,0.25594,7.8398e-34
98.601,0.25594,7.1147e-34
98.727,0.25594,6.4567e-34
98.853,0.25594,5.8596e-34
98.98,0.25594,5.3177e-34
99.106,0.25594,4.8259e-34
99.232,0.25594,4.3796e-34
99.358,0.25594,3.9746e-34
99.484,0.25594,3.607e-34
99.61,0.25594,3.2734e-34
99.736,0.25594,2.9707e-34
99.862,0.25594,2.6959e-34
100,0.25594,2.4246e-34
