1.3455e-28,8.3175e-27,2.5942e-25,5.4428e-24,8.6419e-23,1.1076e-21,1.1936e-20,1.1124e-19,9.1521e-19,6.7531e-18,4.5246e-17,2.7804e-16,1.5801e-15,8.3626e-15,4.1461e-14,1.9356e-13,8.5459e-13,3.5826e-12,1.431e-11,5.4623e-11,1.9983e-10,7.0232e-10,2.3768e-09,7.7613e-09,2.4499e-08,7.4882e-08,2.2197e-07,6.3901e-07,1.7888e-06,4.8745e-06,1.2943e-05,3.3515e-05,8.4674e-05,0.00020876,0.00050209,0.0011765,0.0026777,0.0058848,0.012365,0.024476,0.044812,0.07436,0.10966,0.14121,0.1565,0.1475,0.117,0.077148,0.041109,0.015645
4.97e-104,5.4452e-103,2.9471e-102,1.05e-101,2.7696e-101,5.7656e-101,9.8625e-101,1.4251e-100,1.7747e-100,1.9339e-100,1.8658e-100,1.609e-100,1.2496e-100,8.7954e-101,5.6398e-101,3.3087e-101,1.7825e-101,8.8452e-102,4.053e-102,1.7185e-102,6.7544e-103,2.4642e-103,8.354e-104,2.6337e-104,7.7257e-105,2.1091e-105,5.3585e-106,1.2667e-106,2.7844e-107,5.6872e-108,1.0782e-108,1.8944e-109,3.0798e-110,4.6228e-111,6.3899e-112,8.1091e-113,9.4135e-114,9.9525e-115,9.5334e-116,8.2217e-117,6.3351e-118,4.3202e-119,2.5768e-120,1.324e-121,5.7432e-123,2.0459e-124,5.7485e-126,1.1949e-127,1.6339e-129,1.1027e-131
2.2915e-105,2.4679e-104,1.3124e-103,4.5925e-103,1.1891e-102,2.4288e-102,4.0743e-102,5.7702e-102,7.0391e-102,7.5093e-102,7.0885e-102,5.9767e-102,4.5353e-102,3.1168e-102,1.9498e-102,1.1151e-102,5.8512e-103,2.8253e-103,1.2586e-103,5.1824e-104,1.9759e-104,6.9849e-105,2.2915e-105,6.9814e-106,1.9761e-106,5.1975e-107,1.27e-107,2.8818e-108,6.0685e-109,1.1847e-109,2.1412e-110,3.5771e-111,5.512e-112,7.8147e-113,1.0163e-113,1.2081e-114,1.3069e-115,1.2799e-116,1.1279e-117,8.874e-119,6.1756e-120,3.7567e-121,1.9675e-122,8.6951e-124,3.1541e-125,9.0198e-127,1.9073e-128,2.652e-130,1.8193e-132,3.9479e-261
1.0377e-106,1.0981e-105,5.735e-105,1.97e-104,5.0048e-104,1.0025e-103,1.6482e-103,2.2866e-103,2.7309e-103,2.8503e-103,2.6307e-103,2.1672e-103,1.6057e-103,1.0766e-103,6.5652e-104,3.657e-104,1.8673e-104,8.7655e-105,3.792e-105,1.5147e-105,5.5958e-106,1.9142e-106,6.0687e-107,1.7841e-107,4.8654e-108,1.2307e-108,2.8868e-109,6.2751e-110,1.263e-110,2.3507e-111,4.0395e-112,6.3961e-113,9.3093e-114,1.2418e-114,1.5127e-115,1.6756e-116,1.6791e-117,1.5129e-118,1.2162e-119,8.6426e-121,5.3651e-122,2.8657e-123,1.2909e-124,4.7708e-126,1.3892e-127,2.9899e-129,4.2292e-131,2.9503e-133,1.3071e-261,4.9407e-324
4.6022e-108,4.792e-107,2.4577e-106,8.2842e-106,2.0639e-105,4.0519e-105,6.5259e-105,8.8634e-105,1.0356e-104,1.0569e-104,9.531e-105,7.6661e-105,5.5413e-105,3.6217e-105,2.1512e-105,1.166e-105,5.788e-106,2.6386e-106,1.1073e-106,4.2858e-107,1.5322e-107,5.0649e-108,1.5495e-108,4.3887e-109,1.151e-109,2.7949e-110,6.2801e-111,1.3048e-111,2.5037e-112,4.4305e-113,7.2162e-114,1.0793e-114,1.4779e-115,1.8465e-116,2.0961e-117,2.1509e-118,1.9829e-119,1.6299e-120,1.1834e-121,7.5013e-123,4.0888e-124,1.8785e-125,7.0764e-127,2.0993e-128,4.6007e-130,6.6235e-132,4.7004e-134,3.1901e-262,9.8813e-324,0
3.0821e-109,2.2673e-108,1.053e-107,3.4253e-107,8.3396e-107,1.603e-106,2.5273e-106,3.3583e-106,3.8367e-106,3.8256e-106,3.3684e-106,2.6432e-106,1.8625e-106,1.1856e-106,6.8527e-107,3.6111e-107,1.7408e-107,7.6982e-108,3.1302e-108,1.1724e-108,4.0504e-109,1.292e-109,3.808e-110,1.0373e-110,2.6116e-111,6.0747e-112,1.3046e-112,2.5842e-113,4.7146e-114,7.9075e-115,1.2165e-115,1.7118e-116,2.1956e-117,2.5564e-118,2.6882e-119,2.5376e-120,2.1342e-121,1.5844e-122,1.0262e-123,5.7115e-125,2.6778e-126,1.0288e-127,3.111e-129,6.9457e-131,1.0182e-132,7.3544e-135,6.7999e-263,9.8813e-324,4.9407e-324,4.9407e-324
-8.6681e-109,-1.6677e-108,-1.2325e-108,3.9397e-109,2.8832e-108,6.0731e-108,9.5358e-108,1.2424e-107,1.3874e-107,1.3508e-107,1.1603e-107,8.8762e-108,6.0917e-108,3.7735e-108,2.1203e-108,1.0851e-108,5.0741e-109,2.1742e-109,8.5551e-110,3.0965e-110,1.0323e-110,3.1724e-111,8.9923e-112,2.3514e-112,5.671e-113,1.2608e-113,2.5815e-114,4.8617e-115,8.4068e-116,1.3318e-116,1.9277e-117,2.5407e-118,3.0369e-119,3.2754e-120,3.1685e-121,2.7287e-122,2.0727e-123,1.3726e-124,7.8058e-126,3.7369e-127,1.4651e-128,4.5185e-130,1.0283e-131,1.5358e-133,1.1295e-135,1.3344e-263,4.9407e-324,4.9407e-324,4.9407e-324,0
6.0146e-108,1.2047e-107,1.1394e-107,6.7989e-108,2.9442e-108,1.1164e-108,5.6881e-109,4.9099e-109,4.9611e-109,4.6577e-109,3.8939e-109,2.9006e-109,1.9371e-109,1.1665e-109,6.3652e-110,3.1599e-110,1.4318e-110,5.9368e-111,2.2575e-111,7.8845e-112,2.5323e-112,7.4845e-113,2.0365e-113,5.1013e-114,1.1759e-114,2.4925e-115,4.8521e-116,8.661e-117,1.4146e-117,2.1085e-118,2.8585e-119,3.5109e-120,3.8874e-121,3.8571e-122,3.404e-123,2.6476e-124,1.7939e-125,1.0431e-126,5.1024e-128,2.0426e-129,6.4287e-131,1.4921e-132,2.2715e-134,1.702e-136,2.4678e-264,0,0,0,0,0
-3.5401e-107,-7.0849e-107,-6.6884e-107,-3.9627e-107,-1.6537e-107,-5.1669e-108,-1.2484e-108,-2.2962e-109,-2.1993e-110,1.0531e-110,1.2164e-110,9.1656e-111,5.9788e-111,3.4985e-111,1.852e-111,8.9082e-112,3.906e-112,1.5651e-112,5.7429e-113,1.9324e-113,5.9688e-114,1.6935e-114,4.4141e-115,1.0568e-115,2.3225e-116,4.6804e-117,8.6359e-118,1.456e-118,2.2374e-119,3.1236e-120,3.9464e-121,4.4901e-122,4.5734e-123,4.1398e-124,3.2997e-125,2.2893e-126,1.362e-127,6.812e-129,2.7864e-130,8.9544e-132,2.1209e-133,3.2929e-135,2.515e-137,4.3533e-265,0,0,0,0,0,0
1.8128e-106,3.6255e-106,3.4203e-106,2.0251e-106,8.4472e-107,2.6413e-107,6.4319e-108,1.2514e-108,1.9829e-109,2.6224e-110,3.179e-111,5.3438e-112,1.9814e-112,1.029e-112,5.2226e-113,2.4283e-113,1.0288e-113,3.978e-114,1.4062e-114,4.5505e-115,1.3493e-115,3.6672e-116,9.136e-117,2.0853e-117,4.3572e-118,8.3225e-119,1.4504e-119,2.3008e-120,3.3116e-121,4.3083e-122,5.0422e-123,5.2774e-124,4.904e-125,4.0092e-126,2.8505e-127,1.7365e-128,8.8863e-130,3.7164e-131,1.2203e-132,2.9513e-134,4.6761e-136,3.6424e-138,7.377e-266,0,0,0,0,0,0,0
-8.1726e-106,-1.6332e-105,-1.5396e-105,-9.1086e-106,-3.7964e-106,-1.1861e-106,-2.8859e-107,-5.6083e-108,-8.8579e-109,-1.151e-109,-1.2403e-110,-1.1091e-111,-7.9054e-113,-2.4674e-114,1.1377e-114,6.2637e-115,2.6077e-115,9.73e-116,3.3083e-116,1.0277e-116,2.9191e-117,7.5829e-118,1.8011e-118,3.9086e-119,7.7406e-120,1.3965e-120,2.2898e-121,3.4021e-122,4.5632e-123,5.4995e-124,5.9208e-125,5.6535e-126,4.7448e-127,3.4601e-128,2.1601e-129,1.1319e-130,4.8435e-132,1.6261e-133,4.0183e-135,6.5009e-137,5.1674e-139,1.2061e-266,0,0,0,0,0,0,0,0
3.275e-105,6.539e-105,6.1586e-105,3.6403e-105,1.5159e-105,4.7319e-106,1.1503e-106,2.2334e-107,3.5245e-108,4.5762e-109,4.9309e-110,4.4349e-111,3.342e-112,2.1187e-113,1.1561e-114,6.5838e-116,8.2207e-117,2.3437e-117,7.4791e-118,2.2217e-118,6.0305e-119,1.4935e-119,3.3726e-120,6.9371e-121,1.2976e-121,2.2026e-122,3.3827e-123,4.6836e-124,5.8193e-125,6.4516e-126,6.3367e-127,5.4648e-128,4.0911e-129,2.6196e-130,1.4066e-131,6.1634e-133,2.1172e-134,5.3493e-136,8.8424e-138,7.177e-140,1.9078e-267,0,0,0,0,0,0,0,0,0
-1.1756e-104,-2.345e-104,-2.2063e-104,-1.3029e-104,-5.4199e-105,-1.6901e-105,-4.1045e-106,-7.9612e-107,-1.2551e-107,-1.6279e-108,-1.7524e-109,-1.5744e-110,-1.1848e-111,-7.4789e-113,-3.9588e-114,-1.7508e-115,-6.3349e-117,-1.4713e-118,1.1114e-119,4.4821e-120,1.1849e-120,2.7939e-121,5.9802e-122,1.1618e-122,2.0447e-123,3.2508e-124,4.6525e-125,5.9672e-126,6.8204e-127,6.8983e-128,6.1193e-129,4.7074e-130,3.0943e-131,1.7042e-132,7.6522e-134,2.6916e-135,6.9581e-137,1.176e-138,9.7527e-141,2.9248e-268,0,0,0,0,0,0,0,0,0,0
3.8046e-104,7.5805e-104,7.1244e-104,4.2024e-104,1.7462e-104,5.4394e-105,1.3195e-105,2.5564e-106,4.0256e-107,5.2158e-108,5.608e-109,5.0328e-110,3.783e-111,2.3854e-112,1.2615e-113,5.5842e-115,2.0616e-116,6.3194e-118,1.6209e-119,4.1513e-121,2.751e-122,5.0184e-123,1.0013e-123,1.8291e-124,3.015e-125,4.4668e-126,5.9219e-127,6.987e-128,7.2856e-129,6.6552e-130,5.2662e-131,3.557e-132,2.0111e-133,9.2619e-135,3.3385e-136,8.8373e-138,1.5282e-139,1.2958e-141,4.351e-269,0,0,0,0,0,0,0,0,0,0,0
-1.116e-103,-2.2209e-103,-2.0847e-103,-1.2281e-103,-5.0971e-104,-1.5857e-104,-3.8419e-105,-7.4343e-106,-1.1692e-106,-1.513e-107,-1.6248e-108,-1.4563e-109,-1.0933e-110,-6.8851e-112,-3.6365e-113,-1.6077e-114,-5.927e-116,-1.8116e-117,-4.553e-119,-9.2928e-121,-1.4859e-122,-1.1344e-124,1.3812e-125,2.6805e-126,4.1381e-127,5.6801e-128,6.9274e-129,7.4565e-130,7.0222e-131,5.7219e-132,3.9755e-133,2.3096e-134,1.0919e-135,4.0369e-137,1.0951e-138,1.9391e-140,1.6823e-142,6.2848e-270,0,0,0,0,0,0,0,0,0,0,0,0
2.9806e-103,5.9233e-103,5.5526e-103,3.2667e-103,1.3539e-103,4.2064e-104,1.0177e-104,1.9667e-105,3.0889e-106,3.9916e-107,4.2806e-108,3.8314e-109,2.8724e-110,1.8064e-111,9.5277e-113,4.2063e-114,1.5486e-115,4.7266e-117,1.1864e-118,2.4222e-120,3.963e-122,5.1026e-124,5.221e-126,7.2756e-128,5.4341e-129,6.6434e-130,7.3858e-131,7.18e-132,6.0316e-133,4.3153e-134,2.5788e-135,1.2528e-136,4.7548e-138,1.3229e-139,2.4005e-141,2.1325e-143,8.8178e-271,0,0,0,0,0,0,0,0,0,0,0,0,0
-7.2752e-103,-1.4437e-102,-1.3513e-102,-7.9384e-103,-3.2853e-103,-1.0192e-103,-2.4621e-104,-4.7507e-105,-7.4503e-106,-9.6131e-107,-1.0293e-107,-9.1994e-109,-6.8862e-110,-4.3241e-111,-2.2772e-112,-1.0038e-113,-3.6899e-115,-1.1245e-116,-2.8183e-118,-5.7448e-120,-9.3834e-122,-1.2034e-123,-1.1776e-125,-8.3926e-128,-3.5295e-130,5.8346e-132,7.0883e-133,6.1611e-134,4.5445e-135,2.7965e-136,1.3975e-137,5.45e-139,1.5566e-140,2.897e-142,2.6373e-144,1.2018e-271,0,0,0,0,0,0,0,0,0,0,0,0,0,0
1.6282e-102,3.2258e-102,3.0146e-102,1.7681e-102,7.3052e-103,2.2625e-103,5.457e-104,1.0512e-104,1.6459e-105,2.1202e-106,2.2665e-107,2.0222e-108,1.5112e-109,9.4737e-111,4.9809e-112,2.192e-113,8.0438e-115,2.4473e-116,6.123e-118,1.246e-119,2.0317e-121,2.6013e-123,2.5417e-125,1.8181e-127,8.9168e-130,2.7214e-132,9.6796e-135,4.6376e-136,2.9422e-137,1.514e-138,6.0734e-140,1.7825e-141,3.4055e-143,3.1798e-145,1.5911e-272,0,0,0,0,0,0,0,0,0,0,0,0,0,0,0
-3.3505e-102,-6.6263e-102,-6.1815e-102,-3.6191e-102,-1.4927e-102,-4.6148e-103,-1.1111e-103,-2.1365e-104,-3.3391e-105,-4.2937e-106,-4.5817e-107,-4.0806e-108,-3.044e-109,-1.9048e-110,-9.9963e-112,-4.3911e-113,-1.6084e-114,-4.8846e-116,-1.2199e-117,-2.4778e-119,-4.0328e-121,-5.1536e-123,-5.0263e-125,-3.5884e-127,-1.7554e-129,-5.2172e-132,-6.9977e-135,2.9996e-138,1.5913e-139,6.5734e-141,1.9844e-142,3.8959e-144,3.7342e-146,2.0454e-273,0,0,0,0,0,0,0,0,0,0,0,0,0,0,0,0
6.3537e-102,1.2542e-101,1.1678e-101,6.8239e-102,2.8091e-102,8.668e-103,2.0829e-103,3.9976e-104,6.2355e-105,8.0025e-106,8.5227e-107,7.5757e-108,5.64e-109,3.5223e-110,1.8449e-111,8.0879e-113,2.9567e-114,8.961e-116,2.2334e-117,4.5274e-119,7.3539e-121,9.3787e-123,9.1283e-125,6.5037e-127,3.175e-129,9.418e-132,1.2687e-134,1.6208e-140,6.9023e-142,2.1457e-143,4.333e-145,4.2677e-147,2.5525e-274,0,0,0,0,0,0,0,0,0,0,0,0,0,0,0,0,0
-1.1126e-101,-2.1916e-101,-2.0364e-101,-1.1875e-101,-4.8784e-102,-1.5022e-102,-3.6022e-103,-6.899e-104,-1.0739e-104,-1.3753e-105,-1.4616e-106,-1.2964e-107,-9.6311e-109,-6.002e-110,-3.1369e-111,-1.3722e-112,-5.0056e-114,-1.5138e-115,-3.7648e-117,-7.6149e-119,-1.2342e-120,-1.5705e-122,-1.5252e-124,-1.0843e-126,-5.2815e-129,-1.5631e-131,-2.101e-134,7.0231e-143,2.2508e-144,4.6805e-146,4.7419e-148,3.0903e-275,0,0,0,0,0,0,0,0,0,0,0,0,0,0,0,0,0,0
1.8018e-101,3.5416e-101,3.2834e-101,1.9105e-101,7.8306e-102,2.4059e-102,5.7562e-103,1.0999e-103,1.7082e-104,2.1827e-105,2.3143e-106,2.0481e-107,1.518e-108,9.4383e-110,4.9214e-111,2.1479e-112,7.8166e-114,2.3583e-115,5.8513e-117,1.1807e-118,1.9091e-120,2.4236e-122,2.348e-124,1.6652e-126,8.0914e-129,2.3889e-131,3.2031e-134,2.288e-145,4.905e-147,5.1171e-149,3.6273e-276,0,0,0,0,0,0,0,0,0,0,0,0,0,0,0,0,0,0,0
-2.7026e-101,-5.2995e-101,-4.9015e-101,-2.845e-101,-1.1633e-101,-3.5655e-102,-8.5099e-103,-1.6222e-103,-2.5131e-104,-3.2032e-105,-3.388e-106,-2.9908e-107,-2.2113e-108,-1.3714e-109,-7.133e-111,-3.1052e-112,-1.1272e-113,-3.3923e-115,-8.3951e-117,-1.6897e-118,-2.725e-120,-3.4504e-122,-3.3341e-124,-2.3583e-126,-1.1429e-128,-3.3656e-131,-4.5007e-134,4.9811e-148,5.3573e-150,4.1249e-277,0,0,0,0,0,0,0,0,0,0,0,0,0,0,0,0,0,0,0,0
3.7585e-101,7.3511e-101,6.7814e-101,3.9261e-101,1.6012e-101,4.8947e-102,1.1652e-102,2.2153e-103,3.4229e-104,4.3513e-105,4.5901e-106,4.0411e-107,2.9798e-108,1.8431e-109,9.5601e-111,4.1505e-112,1.5025e-113,4.5093e-115,1.1129e-116,2.2337e-118,3.5923e-120,4.5358e-122,4.3707e-124,3.0828e-126,1.4898e-128,4.3744e-131,5.8329e-134,5.4349e-151,-2.5207e-265,0,0,0,0,0,0,0,0,0,0,0,0,0,0,0,0,0,0,0,0,0
-4.8504e-101,-9.4604e-101,-8.7032e-101,-5.0247e-101,-2.0435e-101,-6.2294e-102,-1.4787e-102,-2.8034e-103,-4.3194e-104,-5.4752e-105,-5.7592e-106,-5.0558e-107,-3.7172e-108,-2.2925e-109,-1.1857e-110,-5.1324e-112,-1.8525e-113,-5.5432e-115,-1.364e-116,-2.7294e-118,-4.3763e-120,-5.5091e-122,-5.2924e-124,-3.7214e-126,-1.7929e-128,-5.2481e-131,-6.9761e-134,1.6326e-205,2.803e-265,0,0,0,0,0,0,0,0,0,0,0,0,0,0,0,0,0,0,0,0,0
5.812e-101,1.1303e-100,1.0367e-100,5.9675e-101,2.4197e-101,7.3539e-102,1.7404e-102,3.2895e-103,5.0527e-104,6.3852e-105,6.6956e-106,5.8597e-107,4.2948e-108,2.6404e-109,1.3613e-110,5.8742e-112,2.1135e-113,6.3039e-115,1.5461e-116,3.084e-118,4.9288e-120,6.1843e-122,5.9214e-124,4.15e-126,1.9927e-128,5.8135e-131,7.7016e-134,-1.7365e-205,-2.8676e-265,0,0,0,0,0,0,0,0,0,0,0,0,0,0,0,0,0,0,0,0,0
-6.4692e-101,-1.2541e-100,-1.1466e-100,-6.5791e-101,-2.6591e-101,-8.0554e-102,-1.9002e-102,-3.5798e-103,-5.4807e-104,-6.9032e-105,-7.2148e-106,-6.2931e-107,-4.597e-108,-2.8167e-109,-1.4473e-110,-6.2238e-112,-2.2316e-113,-6.6333e-115,-1.6213e-116,-3.2227e-118,-5.1323e-120,-6.4169e-122,-6.1223e-124,-4.2755e-126,-2.0456e-128,-5.9461e-131,-7.8485e-134,1.7021e-205,2.6982e-265,0,0,0,0,0,0,0,0,0,0,0,0,0,0,0,0,0,0,0,0,0
6.6899e-101,1.2925e-100,1.1777e-100,6.7342e-101,2.7124e-101,8.1886e-102,1.9249e-102,3.6137e-103,5.513e-104,6.9193e-105,7.2059e-106,6.2628e-107,4.5584e-108,2.7829e-109,1.4247e-110,6.1043e-112,2.1807e-113,6.4579e-115,1.5725e-116,3.114e-118,4.9404e-120,6.1535e-122,5.8485e-124,4.0685e-126,1.939e-128,5.6141e-131,7.3811e-134,-1.5367e-205,-2.3336e-265,0,0,0,0,0,0,0,0,0,0,0,0,0,0,0,0,0,0,0,0,0
-6.4274e-101,-1.2372e-100,-1.1233e-100,-6.3994e-101,-2.568e-101,-7.7239e-102,-1.8089e-102,-3.3831e-103,-5.1418e-104,-6.4289e-105,-6.6696e-106,-5.7744e-107,-4.1866e-108,-2.546e-109,-1.2983e-110,-5.5408e-112,-1.9715e-113,-5.8151e-115,-1.4103e-116,-2.7814e-118,-4.3948e-120,-5.4514e-122,-5.1598e-124,-3.5744e-126,-1.6963e-128,-4.8908e-131,-6.4026e-134,1.277e-205,1.8536e-265,0,0,0,0,0,0,0,0,0,0,0,0,0,0,0,0,0,0,0,0,0
5.7356e-101,1.0998e-100,9.9458e-101,5.644e-101,2.256e-101,6.7583e-102,1.5764e-102,2.9365e-103,4.4449e-104,5.5349e-105,5.7185e-106,4.9305e-107,3.5599e-108,2.1558e-109,1.0947e-110,4.652e-112,1.6482e-113,4.8405e-115,1.1688e-116,2.2951e-118,3.6104e-120,4.4586e-122,4.2012e-124,2.8972e-126,1.3687e-128,3.9281e-131,5.1185e-134,-9.7577e-206,-1.3504e-265,0,0,0,0,0,0,0,0,0,0,0,0,0,0,0,0,0,0,0,0,0
-4.7518e-101,-9.0737e-101,-8.1714e-101,-4.6176e-101,-1.8379e-101,-5.4824e-102,-1.2733e-102,-2.3616e-103,-3.5592e-104,-4.4126e-105,-4.5389e-106,-3.896e-107,-2.8004e-108,-1.6882e-109,-8.5338e-111,-3.6099e-112,-1.2731e-113,-3.7216e-115,-8.9445e-117,-1.748e-118,-2.7368e-120,-3.3635e-122,-3.154e-124,-2.1644e-126,-1.0175e-128,-2.9056e-131,-3.7672e-134,6.8473e-206,9.0099e-266,0,0,0,0,0,0,0,0,0,0,0,0,0,0,0,0,0,0,0,0,0
3.6524e-101,6.9434e-101,6.2249e-101,3.5018e-101,1.3875e-101,4.1199e-102,9.5248e-103,1.7584e-103,2.6377e-104,3.2547e-105,3.332e-106,2.8465e-107,2.0362e-108,1.2216e-109,6.1447e-111,2.5865e-112,9.0764e-114,2.64e-115,6.3129e-117,1.2275e-118,1.9119e-120,2.3375e-122,2.1805e-124,1.4885e-126,6.96e-129,1.9768e-131,2.5491e-134,-4.4053e-206,-5.4943e-266,0,0,0,0,0,0,0,0,0,0,0,0,0,0,0,0,0,0,0,0,0
-2.6021e-101,-4.9232e-101,-4.3926e-101,-2.4592e-101,-9.6962e-102,-2.8651e-102,-6.5911e-103,-1.2107e-103,-1.8071e-104,-2.2186e-105,-2.2597e-106,-1.9205e-107,-1.3667e-108,-8.1564e-110,-4.0813e-111,-1.7088e-112,-5.9644e-114,-1.7254e-115,-4.1036e-117,-7.935e-119,-1.2291e-120,-1.4943e-122,-1.386e-124,-9.4072e-127,-4.3734e-129,-1.2349e-131,-1.583e-134,2.593e-206,3.0548e-266,0,0,0,0,0,0,0,0,0,0,0,0,0,0,0,0,0,0,0,0,0
1.7162e-101,3.2306e-101,2.8677e-101,1.5971e-101,6.2645e-102,1.8413e-102,4.2136e-103,7.6987e-104,1.1429e-104,1.3955e-105,1.4136e-106,1.1948e-107,8.4553e-109,5.0177e-110,2.4965e-111,1.0393e-112,3.6066e-114,1.0373e-115,2.4524e-117,4.7139e-119,7.2577e-121,8.7702e-123,8.0847e-125,5.4533e-127,2.5193e-129,7.0687e-132,9.0029e-135,-1.393e-206,-1.5441e-266,0,0,0,0,0,0,0,0,0,0,0,0,0,0,0,0,0,0,0,0,0
-1.0463e-101,-1.9589e-101,-1.7293e-101,-9.5777e-102,-3.7357e-102,-1.0919e-102,-2.4843e-103,-4.5132e-104,-6.6612e-105,-8.0862e-106,-8.1428e-107,-6.8414e-108,-4.8124e-109,-2.8386e-110,-1.4037e-111,-5.8074e-113,-2.0027e-114,-5.7235e-116,-1.3446e-117,-2.5679e-119,-3.9278e-121,-4.7151e-123,-4.3177e-125,-2.8927e-127,-1.3273e-129,-3.6983e-132,-4.6772e-135,6.8094e-207,7.0701e-267,0,0,0,0,0,0,0,0,0,0,0,0,0,0,0,0,0,0,0,0,0
5.8858e-102,1.0955e-101,9.6138e-102,5.2931e-102,2.0522e-102,5.9617e-103,1.3482e-103,2.4341e-104,3.5702e-105,4.3068e-106,4.3094e-107,3.5974e-108,2.5142e-109,1.4733e-110,7.2371e-112,2.9742e-113,1.0187e-114,2.8916e-116,6.7459e-118,1.2793e-119,1.9431e-121,2.3158e-123,2.1053e-125,1.4001e-127,6.3763e-130,1.7633e-132,2.213e-135,-3.0179e-207,-2.9201e-267,0,0,0,0,0,0,0,0,0,0,0,0,0,0,0,0,0,0,0,0,0
-3.0481e-102,-5.6376e-102,-4.9163e-102,-2.6895e-102,-1.036e-102,-2.9901e-103,-6.7175e-104,-1.2048e-104,-1.7552e-105,-2.103e-106,-2.0899e-107,-1.7325e-108,-1.2024e-109,-6.9958e-111,-3.4119e-112,-1.392e-113,-4.7332e-115,-1.3335e-116,-3.0877e-118,-5.8112e-120,-8.7582e-122,-1.0357e-123,-9.3409e-126,-6.1624e-128,-2.7837e-130,-7.6344e-133,-9.5012e-136,1.2075e-207,1.0824e-267,0,0,0,0,0,0,0,0,0,0,0,0,0,0,0,0,0,0,0,0,0
1.4493e-102,2.6626e-102,2.3061e-102,1.2529e-102,4.7928e-103,1.3736e-103,3.0641e-104,5.4559e-105,7.8914e-106,9.3857e-107,9.2581e-108,7.6176e-109,5.2465e-110,3.0292e-111,1.4659e-112,5.9339e-114,2.0016e-115,5.5937e-117,1.2846e-118,2.3977e-120,3.5833e-122,4.2014e-124,3.7565e-126,2.4565e-128,1.0998e-130,2.9889e-133,3.6854e-136,-4.3392e-208,-3.5784e-268,0,0,0,0,0,0,0,0,0,0,0,0,0,0,0,0,0,0,0,0,0
-6.3068e-103,-1.1502e-102,-9.8896e-103,-5.3333e-103,-2.025e-103,-5.7596e-104,-1.2749e-104,-2.2526e-105,-3.2327e-106,-3.8144e-107,-3.7324e-108,-3.0461e-109,-2.0807e-110,-1.1914e-111,-5.7167e-113,-2.2943e-114,-7.6718e-116,-2.1252e-117,-4.8371e-119,-8.9466e-121,-1.3248e-122,-1.5388e-124,-1.3628e-126,-8.8259e-129,-3.9125e-131,-1.0527e-133,-1.2849e-136,1.3917e-208,1.0471e-268,0,0,0,0,0,0,0,0,0,0,0,0,0,0,0,0,0,0,0,0,0
2.5019e-103,4.5274e-103,3.8619e-103,2.0661e-103,7.781e-104,2.1951e-104,4.8189e-105,8.4429e-106,1.2013e-106,1.4053e-107,1.3632e-108,1.1027e-109,7.4648e-111,4.2355e-112,2.0137e-113,8.0061e-115,2.6518e-116,7.2751e-118,1.6397e-119,3.0027e-121,4.4014e-123,5.0601e-125,4.4345e-127,2.8414e-129,1.246e-131,3.3154e-134,4.0008e-137,-3.954e-209,-2.6871e-269,0,0,0,0,0,0,0,0,0,0,0,0,0,0,0,0,0,0,0,0,0
-9.005e-104,-1.6158e-103,-1.3666e-103,-7.2478e-104,-2.7057e-104,-7.5655e-105,-1.646e-105,-2.8576e-106,-4.0286e-107,-4.6686e-108,-4.4856e-109,-3.5936e-110,-2.409e-111,-1.3533e-112,-6.3694e-114,-2.5065e-115,-8.2159e-117,-2.2302e-118,-4.9726e-120,-9.0066e-122,-1.3055e-123,-1.4839e-125,-1.2854e-127,-8.1391e-130,-3.5261e-132,-9.2671e-135,-1.1042e-137,9.8572e-210,5.9762e-270,0,0,0,0,0,0,0,0,0,0,0,0,0,0,0,0,0,0,0,0,0
2.9237e-104,5.1984e-104,4.3558e-104,2.2885e-104,8.4625e-105,2.3434e-105,5.0486e-106,8.6783e-107,1.2112e-107,1.3893e-108,1.321e-109,1.0472e-110,6.9447e-112,3.8589e-113,1.7961e-114,6.9888e-116,2.2646e-117,6.0757e-119,1.3386e-120,2.3952e-122,3.429e-124,3.8484e-126,3.2908e-128,2.0564e-130,8.7888e-133,2.278e-135,2.676e-138,-2.1311e-210,-1.1346e-270,0,0,0,0,0,0,0,0,0,0,0,0,0,0,0,0,0,0,0,0,0
-8.5008e-105,-1.4965e-104,-1.2413e-104,-6.4555e-105,-2.3624e-105,-6.4733e-106,-1.3797e-106,-2.346e-107,-3.2381e-108,-3.6727e-109,-3.4525e-110,-2.7053e-111,-1.773e-112,-9.734e-114,-4.4754e-115,-1.7197e-116,-5.502e-118,-1.457e-119,-3.1679e-121,-5.592e-123,-7.8954e-125,-8.7363e-127,-7.3628e-129,-4.5329e-131,-1.908e-133,-4.8683e-136,-5.6273e-139,3.9354e-211,1.8024e-271,0,0,0,0,0,0,0,0,0,0,0,0,0,0,0,0,0,0,0,0,0
2.193e-105,3.8189e-105,3.1331e-105,1.6112e-105,5.8295e-106,1.579e-106,3.3261e-107,5.5882e-108,7.6198e-109,8.5363e-110,7.9238e-111,6.1295e-112,3.9649e-113,2.1479e-114,9.7417e-116,3.6916e-117,1.1644e-118,3.0391e-120,6.5099e-122,1.1318e-123,1.5732e-125,1.7131e-127,1.4203e-129,8.5974e-132,3.5564e-134,8.9131e-137,1.0113e-139,-6.0843e-212,-2.3305e-272,0,0,0,0,0,0,0,0,0,0,0,0,0,0,0,0,0,0,0,0,0
-4.9591e-106,-8.5334e-106,-6.9166e-106,-3.5134e-106,-1.2554e-106,-3.3571e-107,-6.9806e-108,-1.1574e-108,-1.5571e-109,-1.7205e-110,-1.5749e-111,-1.2009e-112,-7.6557e-114,-4.0858e-115,-1.825e-116,-6.8089e-118,-2.1135e-119,-5.4267e-121,-1.143e-122,-1.9532e-124,-2.6674e-126,-2.852e-128,-2.3204e-130,-1.3776e-132,-5.5855e-135,-1.3711e-137,-1.5225e-140,7.6607e-213,2.3559e-273,0,0,0,0,0,0,0,0,0,0,0,0,0,0,0,0,0,0,0,0,0
9.6663e-107,1.6416e-106,1.3129e-106,6.5789e-107,2.3183e-107,6.1127e-108,1.2528e-108,2.0468e-109,2.7126e-110,2.9516e-111,2.6596e-112,1.9958e-113,1.2516e-114,6.5681e-116,2.8836e-117,1.0569e-118,3.2218e-120,8.119e-122,1.6776e-123,2.8105e-125,3.7604e-127,3.9368e-129,3.1338e-131,1.8189e-133,7.2033e-136,1.7254e-138,1.8676e-141,-7.5449e-214,-1.7465e-274,0,0,0,0,0,0,0,0,0,0,0,0,0,0,0,0,0,0,0,0,0
-1.5849e-107,-2.6527e-107,-2.0901e-107,-1.0316e-107,-3.5791e-108,-9.2887e-109,-1.8732e-109,-3.0102e-110,-3.9222e-111,-4.1945e-112,-3.713e-113,-2.736e-114,-1.6839e-115,-8.6689e-117,-3.7316e-118,-1.3402e-119,-4.0006e-121,-9.8663e-123,-1.9937e-124,-3.2638e-126,-4.2637e-128,-4.3543e-130,-3.3778e-132,-1.9084e-134,-7.3478e-137,-1.7088e-139,-1.7929e-142,5.452e-215,8.4442e-276,0,0,0,0,0,0,0,0,0,0,0,0,0,0,0,0,0,0,0,0,0
2.1014e-108,3.4598e-108,2.6808e-108,1.3006e-108,4.4342e-109,1.1303e-109,2.2379e-110,3.5292e-111,4.5104e-112,4.7288e-113,4.1014e-114,2.9595e-115,1.7825e-116,8.9746e-118,3.7754e-119,1.3242e-120,3.8568e-122,9.2724e-124,1.8248e-125,2.9063e-127,3.6895e-129,3.6567e-131,2.749e-133,1.5027e-135,5.588e-138,1.2524e-140,1.2634e-143,-2.5706e-216,-1.9979e-277,0,0,0,0,0,0,0,0,0,0,0,0,0,0,0,0,0,0,0,0,0
-2.0897e-109,-3.3768e-109,-2.5669e-109,-1.2211e-109,-4.0802e-110,-1.0188e-110,-1.9747e-111,-3.0469e-112,-3.8075e-113,-3.9005e-114,-3.3032e-115,-2.3254e-116,-1.3654e-117,-6.6953e-119,-2.7405e-120,-9.3424e-122,-2.6417e-123,-6.1582e-125,-1.1734e-126,-1.8068e-128,-2.2137e-130,-2.1133e-132,-1.5269e-134,-8.0023e-137,-2.8444e-139,-6.0731e-142,-5.8118e-145,5.9337e-218,0,0,0,0,0,0,0,0,0,0,0,0,0,0,0,0,0,0,0,0,0,0
1.2723e-110,2.0116e-110,1.4952e-110,6.9512e-111,2.2682e-111,5.527e-112,1.0446e-112,1.5704e-113,1.9104e-114,1.9034e-115,1.5661e-116,1.07e-117,6.0902e-119,2.8911e-120,1.144e-121,3.7641e-123,1.0255e-124,2.299e-126,4.2036e-128,6.1956e-130,7.2456e-132,6.5814e-134,4.5074e-136,2.2291e-138,7.4364e-141,1.4802e-143,1.3094e-146,0,0,0,0,0,0,0,0,0,0,0,0,0,0,0,0,0,0,0,0,0,0,0
